timestamp,actas_counted,actas_total,actas_pct,fuerza_popular_votes,fuerza_popular_pct,juntos_peru_votes,juntos_peru_pct,renovacion_popular_votes,renovacion_popular_pct,total_valid_votes,total_emitted_votes,blank_votes,null_votes
2026-04-18T06:26:07.848395+00:00,86656,92766,93.414,2687151,17.056,1891502,12.006,1878134,11.921,15754714,18898830,2199063,945053
2026-04-18T14:30:04.231108+00:00,86656,92766,93.422,2687330,17.056,1891836,12.007,1878212,11.921,15756050,18900465,2199259,945156
2026-04-18T18:30:04.031212+00:00,86712,92766,93.474,2687330,17.056,1891836,12.007,1878212,11.921,15756050,18900465,2199259,945156
2026-04-18T22:30:04.035382+00:00,86712,92766,93.474,2687369,17.056,1891841,12.007,1878258,11.921,15756267,18900708,2199278,945163
2026-04-18T22:45:02.727202+00:00,86713,92766,93.475,2687369,17.056,1891841,12.007,1878258,11.921,15756267,18900708,2199278,945163
2026-04-19T00:15:03.049282+00:00,86717,92766,93.479,2687502,17.056,1891885,12.007,1878352,11.921,15757010,18901576,2199348,945218
2026-04-19T01:00:04.562126+00:00,86717,92766,93.479,2687579,17.056,1891905,12.006,1878419,11.921,15757409,18902030,2199392,945229
2026-04-19T01:15:02.869614+00:00,86719,92766,93.481,2687579,17.056,1891905,12.006,1878419,11.921,15757409,18902030,2199392,945229
2026-04-19T02:00:05.116278+00:00,86720,92766,93.483,2687621,17.056,1891906,12.006,1878493,11.921,15757620,18902266,2199412,945234
2026-04-19T05:00:04.922211+00:00,86721,92766,93.484,2687661,17.056,1891908,12.006,1878522,11.921,15757829,18902505,2199435,945241
2026-04-19T15:45:02.824826+00:00,86722,92766,93.485,2687703,17.056,1891925,12.006,1878551,11.921,15758047,18902744,2199455,945242
2026-04-19T16:30:03.98797+00:00,86722,92766,93.485,2687750,17.056,1891935,12.006,1878582,11.921,15758272,18902990,2199468,945250
2026-04-19T16:45:03.061448+00:00,86723,92766,93.486,2687750,17.056,1891935,12.006,1878582,11.921,15758272,18902990,2199468,945250
2026-04-19T18:30:03.678694+00:00,86724,92766,93.487,2687761,17.056,1891998,12.006,1878585,11.921,15758406,18903177,2199504,945267
2026-04-19T19:15:02.655904+00:00,86726,92766,93.489,2687830,17.056,1892006,12.006,1878617,11.921,15758677,18903643,2199672,945294
2026-04-19T20:00:04.853958+00:00,86729,92766,93.492,2687916,17.056,1892028,12.006,1878706,11.921,15759129,18904160,2199725,945306
2026-04-19T20:30:03.796272+00:00,86729,92766,93.492,2688137,17.056,1892110,12.006,1878843,11.921,15760352,18906171,2200144,945675
2026-04-19T20:45:02.994185+00:00,86737,92766,93.501,2688137,17.056,1892110,12.006,1878843,11.921,15760352,18906171,2200144,945675
2026-04-19T21:15:02.88967+00:00,86740,92766,93.504,2688241,17.057,1892123,12.005,1878888,11.921,15760712,18906778,2200343,945723
2026-04-19T21:45:03.129591+00:00,86748,92766,93.513,2688395,17.057,1892149,12.005,1879060,11.922,15761459,18907814,2200565,945790
2026-04-19T22:45:02.807824+00:00,86757,92766,93.522,2688674,17.057,1892230,12.004,1879241,11.922,15762921,18910088,2201249,945918
2026-04-19T23:15:02.728354+00:00,86766,92766,93.532,2688896,17.057,1892381,12.004,1879399,11.922,15764626,18912469,2201755,946088
2026-04-20T00:00:05.000744+00:00,86793,92766,93.561,2689255,17.054,1893319,12.007,1879699,11.92,15769035,18917821,2202395,946391
2026-04-20T01:15:03.319285+00:00,86801,92766,93.57,2689329,17.053,1893819,12.009,1879727,11.919,15770358,18919408,2202611,946439
2026-04-20T16:00:04.923845+00:00,86801,92766,93.57,2689415,17.053,1893912,12.009,1879812,11.919,15771230,18920413,2202696,946487
2026-04-20T16:15:03.089272+00:00,86805,92766,93.574,2689415,17.053,1893912,12.009,1879812,11.919,15771230,18920413,2202696,946487
2026-04-20T17:00:05.122564+00:00,86810,92766,93.58,2689469,17.052,1894021,12.009,1879956,11.919,15772331,18921646,2202785,946530
2026-04-20T18:00:05.065051+00:00,86815,92766,93.585,2689550,17.051,1894098,12.008,1880048,11.919,15773304,18922782,2202885,946593
2026-04-20T19:15:03.030259+00:00,86817,92766,93.587,2689597,17.051,1894142,12.008,1880090,11.919,15773683,18923228,2202938,946607
2026-04-20T20:00:04.949553+00:00,86817,92766,93.587,2689922,17.052,1894258,12.008,1880166,11.918,15775267,18925237,2203223,946747
2026-04-20T20:15:02.951127+00:00,86826,92766,93.597,2689922,17.052,1894258,12.008,1880166,11.918,15775267,18925237,2203223,946747
2026-04-20T21:30:04.404096+00:00,86826,92766,93.597,2690098,17.052,1894332,12.008,1880204,11.918,15776120,18926329,2203376,946833
2026-04-20T21:45:03.077872+00:00,86831,92766,93.602,2690098,17.052,1894332,12.008,1880204,11.918,15776120,18926329,2203376,946833
2026-04-20T22:30:04.516967+00:00,86831,92766,93.602,2691113,17.053,1894493,12.005,1881070,11.92,15781139,18932057,2203854,947064
2026-04-20T22:45:03.016142+00:00,86855,92766,93.628,2691113,17.053,1894493,12.005,1881070,11.92,15781139,18932057,2203854,947064
2026-04-20T23:30:04.418102+00:00,86855,92766,93.628,2692292,17.052,1895406,12.005,1881838,11.919,15788907,18942054,2205262,947885
2026-04-20T23:45:02.991252+00:00,86901,92766,93.678,2692292,17.052,1895406,12.005,1881838,11.919,15788907,18942054,2205262,947885
2026-04-21T00:30:04.091219+00:00,86952,92766,93.733,2693479,17.051,1896418,12.005,1882673,11.918,15796499,18951825,2206682,948644
2026-04-21T01:30:03.869363+00:00,87018,92766,93.804,2694769,17.05,1897597,12.006,1883771,11.919,15805114,18963339,2208634,949591
2026-04-21T02:45:03.824735+00:00,87052,92766,93.84,2695362,17.048,1898441,12.008,1884248,11.918,15810200,18970029,2209552,950277
2026-04-21T04:00:04.63119+00:00,87061,92766,93.85,2695457,17.047,1899064,12.01,1884279,11.917,15811744,18971945,2209824,950377
2026-04-21T15:30:04.08976+00:00,87061,92766,93.85,2695850,17.047,1899474,12.011,1884444,11.916,15814307,18975290,2210341,950642
2026-04-21T15:45:02.940333+00:00,87076,92766,93.866,2695850,17.047,1899474,12.011,1884444,11.916,15814307,18975290,2210341,950642
2026-04-21T16:45:03.340441+00:00,87081,92766,93.872,2696035,17.047,1899596,12.011,1884531,11.916,15815302,18976469,2210486,950681
2026-04-21T18:00:05.236331+00:00,87081,92766,93.872,2696638,17.047,1900198,12.012,1884727,11.915,15818533,18980615,2211157,950925
2026-04-21T18:15:02.761858+00:00,87102,92766,93.894,2696638,17.047,1900198,12.012,1884727,11.915,15818533,18980615,2211157,950925
2026-04-21T19:45:02.936811+00:00,87112,92766,93.905,2697007,17.048,1900371,12.012,1884921,11.915,15820298,18982662,2211337,951027
2026-04-21T21:30:04.259474+00:00,87119,92766,93.913,2697168,17.048,1900405,12.012,1885100,11.915,15821088,18983767,2211499,951180
2026-04-21T22:00:05.207296+00:00,87119,92766,93.913,2698000,17.048,1901297,12.014,1885463,11.914,15825944,18990333,2212748,951641
2026-04-21T22:15:02.919578+00:00,87153,92766,93.949,2698000,17.048,1901297,12.014,1885463,11.914,15825944,18990333,2212748,951641
2026-04-21T23:00:04.776765+00:00,87153,92766,93.949,2699288,17.048,1901805,12.011,1886472,11.914,15833837,18999773,2213836,952100
2026-04-21T23:15:03.05838+00:00,87196,92766,93.996,2699288,17.048,1901805,12.011,1886472,11.914,15833837,18999773,2213836,952100
2026-04-22T00:00:05.697657+00:00,87196,92766,93.996,2700251,17.048,1902153,12.009,1887041,11.914,15838953,19006287,2214690,952644
2026-04-22T00:15:03.282323+00:00,87228,92766,94.03,2700251,17.048,1902153,12.009,1887041,11.914,15838953,19006287,2214690,952644
2026-04-22T01:00:04.556735+00:00,87228,92766,94.03,2701882,17.047,1903370,12.009,1888160,11.913,15849418,19019526,2216659,953449
2026-04-22T01:15:02.667993+00:00,87293,92766,94.1,2701882,17.047,1903370,12.009,1888160,11.913,15849418,19019526,2216659,953449
2026-04-22T01:45:02.592204+00:00,87316,92766,94.125,2702613,17.048,1903701,12.008,1888821,11.914,15853262,19024373,2217290,953821
2026-04-22T02:30:04.224085+00:00,87316,92766,94.125,2703984,17.048,1904920,12.01,1889822,11.915,15861265,19034464,2218572,954627
2026-04-22T02:45:02.75208+00:00,87364,92766,94.177,2703984,17.048,1904920,12.01,1889822,11.915,15861265,19034464,2218572,954627
2026-04-22T03:30:03.93127+00:00,87364,92766,94.177,2705734,17.048,1908135,12.023,1890192,11.91,15870932,19046664,2220178,955554
2026-04-22T03:45:02.721953+00:00,87422,92766,94.239,2705734,17.048,1908135,12.023,1890192,11.91,15870932,19046664,2220178,955554
2026-04-22T04:30:03.996063+00:00,87455,92766,94.275,2707007,17.05,1908632,12.021,1890883,11.91,15877090,19054090,2220970,956030
2026-04-22T05:30:04.416853+00:00,87473,92766,94.294,2707502,17.049,1908702,12.019,1891479,11.911,15880478,19058038,2221297,956263
2026-04-22T16:00:05.121912+00:00,87480,92766,94.302,2707832,17.05,1908780,12.019,1891535,11.91,15881635,19059609,2221540,956434
2026-04-22T16:30:04.478024+00:00,87480,92766,94.302,2707971,17.05,1908908,12.019,1891604,11.91,15882499,19060760,2221709,956552
2026-04-22T16:45:03.450863+00:00,87485,92766,94.307,2707971,17.05,1908908,12.019,1891604,11.91,15882499,19060760,2221709,956552
2026-04-22T17:45:02.947699+00:00,87497,92766,94.32,2708271,17.05,1909211,12.019,1891731,11.909,15884538,19063263,2222012,956713
2026-04-22T18:30:04.313136+00:00,87497,92766,94.32,2708384,17.05,1909315,12.019,1891800,11.909,15885379,19064273,2222112,956782
2026-04-22T18:45:02.905183+00:00,87502,92766,94.326,2708384,17.05,1909315,12.019,1891800,11.909,15885379,19064273,2222112,956782
2026-04-22T20:00:04.676461+00:00,87512,92766,94.336,2708692,17.05,1909728,12.021,1891858,11.908,15886886,19066277,2222436,956955
2026-04-22T21:00:04.980694+00:00,87512,92766,94.336,2709096,17.05,1910256,12.023,1891920,11.907,15888793,19069026,2223045,957188
2026-04-22T21:15:03.20549+00:00,87529,92766,94.355,2709096,17.05,1910256,12.023,1891920,11.907,15888793,19069026,2223045,957188
2026-04-22T22:00:05.119151+00:00,87529,92766,94.355,2709962,17.052,1910742,12.023,1892324,11.907,15892686,19074033,2223759,957588
2026-04-22T22:15:02.77255+00:00,87553,92766,94.38,2709962,17.052,1910742,12.023,1892324,11.907,15892686,19074033,2223759,957588
2026-04-22T23:00:05.12183+00:00,87553,92766,94.38,2710685,17.053,1911689,12.027,1892391,11.905,15895563,19078205,2224607,958035
2026-04-22T23:15:02.668969+00:00,87575,92766,94.404,2710685,17.053,1911689,12.027,1892391,11.905,15895563,19078205,2224607,958035
2026-04-23T00:00:05.040476+00:00,87592,92766,94.423,2711018,17.052,1912438,12.029,1892493,11.904,15898359,19081747,2225101,958287
2026-04-23T00:30:03.931456+00:00,87592,92766,94.423,2711095,17.052,1912533,12.029,1892547,11.904,15898842,19082360,2225209,958309
2026-04-23T00:45:02.800305+00:00,87595,92766,94.426,2711095,17.052,1912533,12.029,1892547,11.904,15898842,19082360,2225209,958309
2026-04-23T01:30:04.375687+00:00,87619,92766,94.452,2711453,17.049,1913335,12.031,1892783,11.902,15903510,19087890,2225794,958586
2026-04-23T03:00:04.854464+00:00,87619,92766,94.452,2713629,17.047,1914539,12.027,1895444,11.907,15918820,19106474,2228019,959635
2026-04-23T03:15:02.983493+00:00,87714,92766,94.554,2713629,17.047,1914539,12.027,1895444,11.907,15918820,19106474,2228019,959635
2026-04-23T03:30:04.22593+00:00,87714,92766,94.554,2713758,17.047,1914635,12.027,1895578,11.907,15919534,19107455,2228223,959698
2026-04-23T03:45:02.956308+00:00,87720,92766,94.561,2713758,17.047,1914635,12.027,1895578,11.907,15919534,19107455,2228223,959698
2026-04-23T04:15:03.148818+00:00,87734,92766,94.576,2714019,17.046,1914663,12.026,1896111,11.909,15921343,19109690,2228535,959812
2026-04-23T04:30:04.076951+00:00,87734,92766,94.576,2714304,17.046,1915231,12.028,1896453,11.91,15923452,19112312,2228865,959995
2026-04-23T04:45:02.804549+00:00,87748,92766,94.591,2714304,17.046,1915231,12.028,1896453,11.91,15923452,19112312,2228865,959995
2026-04-23T06:00:04.786057+00:00,87786,92766,94.632,2715413,17.046,1917145,12.035,1896735,11.907,15929620,19120210,2229927,960663
2026-04-23T14:45:02.800675+00:00,87792,92766,94.638,2715670,17.047,1917285,12.035,1896806,11.907,15930647,19121509,2230111,960751
2026-04-23T15:30:03.478902+00:00,87792,92766,94.638,2715921,17.047,1917364,12.035,1896867,11.906,15931742,19122876,2230288,960846
2026-04-23T15:45:02.60572+00:00,87798,92766,94.645,2715921,17.047,1917364,12.035,1896867,11.906,15931742,19122876,2230288,960846
2026-04-23T16:15:02.554357+00:00,87803,92766,94.65,2716120,17.048,1917419,12.035,1896961,11.906,15932475,19123820,2230370,960975
2026-04-23T19:15:02.677307+00:00,87920,92766,94.776,2720668,17.055,1919556,12.033,1899096,11.905,15952655,19149453,2233987,962811
2026-04-23T20:00:04.657176+00:00,87937,92766,94.794,2721529,17.057,1919716,12.032,1899239,11.904,15955258,19153023,2234634,963131
2026-04-23T23:00:04.642015+00:00,87937,92766,94.794,2723318,17.056,1921973,12.037,1900246,11.901,15966885,19167576,2236624,964067
2026-04-23T23:15:02.47095+00:00,88005,92766,94.868,2723318,17.056,1921973,12.037,1900246,11.901,15966885,19167576,2236624,964067
2026-04-24T00:30:03.774957+00:00,88005,92766,94.868,2724535,17.053,1923643,12.04,1900985,11.899,15976600,19179659,2238169,964890
2026-04-24T00:45:02.794758+00:00,88064,92766,94.931,2724535,17.053,1923643,12.04,1900985,11.899,15976600,19179659,2238169,964890
2026-04-24T01:30:03.851677+00:00,88064,92766,94.931,2725654,17.053,1924728,12.042,1901795,11.898,15983503,19188521,2239559,965459
2026-04-24T01:45:02.495678+00:00,88107,92766,94.978,2725654,17.053,1924728,12.042,1901795,11.898,15983503,19188521,2239559,965459
2026-04-24T02:45:02.594143+00:00,88153,92766,95.027,2726774,17.053,1925103,12.04,1903007,11.902,15989542,19196169,2240837,965790
2026-04-24T03:45:02.707287+00:00,88165,92766,95.04,2727039,17.054,1925141,12.039,1903368,11.903,15991012,19198007,2241083,965912
2026-04-24T05:00:04.222198+00:00,88202,92766,95.08,2727843,17.053,1925228,12.036,1904672,11.907,15995814,19204137,2241952,966371
2026-04-24T08:00:04.591675+00:00,88203,92766,95.081,2727882,17.053,1925232,12.036,1904703,11.907,15996051,19204402,2241972,966379
2026-04-24T09:30:03.598753+00:00,88203,92766,95.081,2729179,17.055,1925725,12.034,1905424,11.907,16002629,19212454,2242939,966886
2026-04-24T09:45:02.837171+00:00,88237,92766,95.118,2729179,17.055,1925725,12.034,1905424,11.907,16002629,19212454,2242939,966886
2026-04-24T13:45:02.459606+00:00,88244,92766,95.125,2729451,17.055,1925785,12.033,1905548,11.907,16003933,19213962,2243081,966948
2026-04-24T14:30:03.562977+00:00,88244,92766,95.125,2729776,17.056,1925876,12.033,1905629,11.906,16004948,19215253,2243293,967012
2026-04-24T14:45:05.131952+00:00,88250,92766,95.132,2729776,17.056,1925876,12.033,1905629,11.906,16004948,19215253,2243293,967012
2026-04-24T16:15:02.626733+00:00,88262,92766,95.145,2730309,17.057,1926089,12.033,1905753,11.906,16007023,19218007,2243699,967285
2026-04-24T17:30:03.693583+00:00,88263,92766,95.146,2730338,17.057,1926100,12.033,1905755,11.906,16007121,19218158,2243742,967295
2026-04-24T19:30:04.231204+00:00,88263,92766,95.146,2730352,17.057,1926117,12.033,1905756,11.906,16007123,19218165,2243715,967327
2026-04-24T20:30:03.726136+00:00,88305,92766,95.191,2731061,17.056,1927921,12.04,1905911,11.903,16012454,19224919,2244675,967790
2026-04-24T21:00:04.465847+00:00,88305,92766,95.191,2731403,17.056,1928139,12.04,1905996,11.902,16013995,19227042,2245035,968012
2026-04-24T21:15:02.607177+00:00,88316,92766,95.203,2731403,17.056,1928139,12.04,1905996,11.902,16013995,19227042,2245035,968012
2026-04-24T22:00:04.507112+00:00,88316,92766,95.203,2731418,17.056,1928145,12.04,1906000,11.902,16014088,19227153,2245051,968014
2026-04-24T22:15:02.283971+00:00,88317,92766,95.204,2731418,17.056,1928145,12.04,1906000,11.902,16014088,19227153,2245051,968014
2026-04-24T23:00:04.601896+00:00,88317,92766,95.204,2731510,17.056,1928339,12.041,1906049,11.902,16015035,19228355,2245215,968105
2026-04-24T23:15:02.842168+00:00,88325,92766,95.213,2731510,17.056,1928339,12.041,1906049,11.902,16015035,19228355,2245215,968105
2026-04-25T00:00:05.278835+00:00,88325,92766,95.213,2732065,17.057,1928749,12.041,1906207,11.901,16017672,19231810,2245791,968347
2026-04-25T00:15:02.601869+00:00,88343,92766,95.232,2732065,17.057,1928749,12.041,1906207,11.901,16017672,19231810,2245791,968347
2026-04-25T00:45:02.578901+00:00,88414,92766,95.309,2734537,17.059,1929697,12.038,1907419,11.899,16029870,19247871,2248379,969622
2026-04-25T01:45:02.71909+00:00,88487,92766,95.387,2736438,17.06,1931558,12.042,1908599,11.899,16040059,19262206,2251402,970745
2026-04-25T02:30:03.811266+00:00,88487,92766,95.387,2737395,17.061,1932450,12.044,1909161,11.899,16045031,19269331,2252825,971475
2026-04-25T02:45:02.965166+00:00,88524,92766,95.427,2737395,17.061,1932450,12.044,1909161,11.899,16045031,19269331,2252825,971475
2026-04-25T03:30:04.359461+00:00,88540,92766,95.444,2737878,17.061,1932673,12.043,1909480,11.899,16047520,19272440,2253210,971710
2026-04-25T04:30:03.927741+00:00,88540,92766,95.444,2737987,17.061,1932739,12.043,1909535,11.899,16048218,19273326,2253349,971759
2026-04-25T04:45:02.645113+00:00,88544,92766,95.449,2737987,17.061,1932739,12.043,1909535,11.899,16048218,19273326,2253349,971759
2026-04-25T08:30:03.841422+00:00,88544,92766,95.449,2738212,17.061,1932839,12.043,1909636,11.898,16049486,19274847,2253528,971833
2026-04-25T08:45:02.805976+00:00,88550,92766,95.455,2738212,17.061,1932839,12.043,1909636,11.898,16049486,19274847,2253528,971833
2026-04-25T10:00:04.385629+00:00,88574,92766,95.481,2739142,17.062,1933238,12.042,1910156,11.898,16054266,19280554,2254132,972156
2026-04-25T12:30:04.088269+00:00,88574,92766,95.481,2739241,17.062,1933270,12.042,1910176,11.898,16054644,19281053,2254234,972175
2026-04-25T12:45:02.606337+00:00,88576,92766,95.483,2739241,17.062,1933270,12.042,1910176,11.898,16054644,19281053,2254234,972175
2026-04-25T14:30:03.728298+00:00,88576,92766,95.483,2739434,17.062,1933287,12.041,1910318,11.898,16055405,19281970,2254333,972232
2026-04-25T14:45:02.507323+00:00,88580,92766,95.488,2739434,17.062,1933287,12.041,1910318,11.898,16055405,19281970,2254333,972232
2026-04-25T15:45:02.664346+00:00,88580,92766,95.488,2740088,17.062,1934712,12.047,1910580,11.897,16059708,19287393,2255138,972547
2026-04-25T16:00:04.435954+00:00,88608,92766,95.518,2740088,17.062,1934712,12.047,1910580,11.897,16059708,19287393,2255138,972547
2026-04-25T16:45:02.493885+00:00,88608,92766,95.518,2740566,17.06,1935079,12.046,1911079,11.897,16063887,19292222,2255586,972749
2026-04-25T17:00:05.112961+00:00,88629,92766,95.54,2740566,17.06,1935079,12.046,1911079,11.897,16063887,19292222,2255586,972749
2026-04-25T17:45:02.551614+00:00,88629,92766,95.54,2740876,17.06,1935470,12.047,1911287,11.896,16065979,19294781,2255890,972912
2026-04-25T18:00:04.971962+00:00,88640,92766,95.552,2740876,17.06,1935470,12.047,1911287,11.896,16065979,19294781,2255890,972912
2026-04-25T19:00:04.635173+00:00,88659,92766,95.573,2741355,17.059,1935705,12.046,1912098,11.899,16069659,19299027,2256283,973085
2026-04-25T20:00:04.866665+00:00,88670,92766,95.585,2741737,17.059,1935741,12.044,1912596,11.9,16071955,19301685,2256444,973286
2026-04-25T21:00:04.601+00:00,88682,92766,95.598,2742141,17.059,1935825,12.043,1913056,11.901,16074354,19304525,2256673,973498
2026-04-25T22:00:05.020248+00:00,88726,92766,95.645,2743433,17.059,1937166,12.046,1913578,11.899,16081825,19314006,2257999,974182
2026-04-25T23:00:04.670496+00:00,88726,92766,95.645,2745896,17.063,1939443,12.051,1914242,11.895,16092981,19328751,2260545,975225
2026-04-25T23:15:02.72406+00:00,88799,92766,95.724,2745896,17.063,1939443,12.051,1914242,11.895,16092981,19328751,2260545,975225
2026-04-26T00:00:06.963572+00:00,88817,92766,95.743,2746286,17.062,1939919,12.052,1914904,11.897,16096108,19332556,2260981,975467
2026-04-26T01:00:04.498723+00:00,88845,92766,95.773,2747054,17.062,1940392,12.052,1915216,11.895,16100517,19338844,2261730,976597
2026-04-26T02:00:04.791598+00:00,88845,92766,95.773,2747439,17.062,1940682,12.052,1915448,11.895,16102792,19341598,2262044,976762
2026-04-26T02:15:02.703695+00:00,88857,92766,95.786,2747439,17.062,1940682,12.052,1915448,11.895,16102792,19341598,2262044,976762
2026-04-26T03:00:04.82645+00:00,88891,92766,95.823,2748524,17.062,1941354,12.051,1916162,11.895,16109366,19349387,2262883,977138
2026-04-26T04:15:02.672698+00:00,88891,92766,95.823,2749221,17.062,1941499,12.049,1916974,11.897,16113246,19354634,2263841,977547
2026-04-26T04:30:03.983318+00:00,88921,92766,95.855,2749221,17.062,1941499,12.049,1916974,11.897,16113246,19354634,2263841,977547
2026-04-26T05:30:03.738803+00:00,88945,92766,95.881,2749817,17.062,1941574,12.047,1917559,11.898,16116197,19358883,2264795,977891
2026-04-26T17:00:04.650387+00:00,88945,92766,95.881,2749845,17.062,1941574,12.047,1917637,11.899,16116412,19359126,2264807,977907
2026-04-26T17:15:02.8905+00:00,88946,92766,95.882,2749845,17.062,1941574,12.047,1917637,11.899,16116412,19359126,2264807,977907
2026-04-26T20:00:04.365758+00:00,88952,92766,95.889,2750044,17.062,1941735,12.047,1917696,11.898,16117557,19360516,2264975,977984
2026-04-26T20:45:02.782223+00:00,88952,92766,95.889,2750167,17.063,1941789,12.047,1917718,11.898,16118056,19361184,2265101,978027
2026-04-26T21:00:04.703418+00:00,88955,92766,95.892,2750167,17.063,1941789,12.047,1917718,11.898,16118056,19361184,2265101,978027
2026-04-26T22:00:04.819496+00:00,89024,92766,95.966,2753274,17.068,1942757,12.044,1918867,11.896,16130796,19377108,2267146,979166
2026-04-26T23:00:04.645755+00:00,89024,92766,95.966,2753825,17.07,1943155,12.045,1918981,11.895,16132783,19379909,2267790,979336
2026-04-26T23:15:02.729451+00:00,89039,92766,95.982,2753825,17.07,1943155,12.045,1918981,11.895,16132783,19379909,2267790,979336
2026-04-27T03:00:05.705041+00:00,89039,92766,95.982,2754349,17.07,1943337,12.044,1919338,11.895,16135692,19383421,2268147,979582
2026-04-27T03:15:03.272426+00:00,89054,92766,95.999,2754349,17.07,1943337,12.044,1919338,11.895,16135692,19383421,2268147,979582
2026-04-27T04:00:05.459164+00:00,89054,92766,95.999,2754772,17.07,1943470,12.043,1919779,11.896,16138116,19386691,2268591,979984
2026-04-27T04:15:02.745059+00:00,89069,92766,96.015,2754772,17.07,1943470,12.043,1919779,11.896,16138116,19386691,2268591,979984
2026-04-27T05:00:04.751944+00:00,89069,92766,96.015,2755525,17.07,1943604,12.04,1920902,11.9,16142623,19392980,2269697,980660
2026-04-27T05:15:02.804112+00:00,89105,92766,96.054,2755525,17.07,1943604,12.04,1920902,11.9,16142623,19392980,2269697,980660
2026-04-27T15:00:05.263755+00:00,89107,92766,96.056,2755601,17.07,1943617,12.04,1920932,11.899,16142998,19393435,2269758,980679
2026-04-27T16:00:04.934483+00:00,89149,92766,96.101,2757311,17.072,1944172,12.038,1921750,11.899,16150863,19403012,2270869,981280
2026-04-27T17:00:04.974012+00:00,89149,92766,96.101,2758541,17.074,1944903,12.038,1922194,11.897,16156677,19410378,2271937,981764
2026-04-27T17:15:03.128225+00:00,89184,92766,96.139,2758541,17.074,1944903,12.038,1922194,11.897,16156677,19410378,2271937,981764
2026-04-27T18:00:04.941343+00:00,89195,92766,96.151,2758872,17.074,1945394,12.04,1922213,11.896,16158282,19412602,2272269,982051
2026-04-27T18:30:04.216337+00:00,89195,92766,96.151,2758923,17.074,1945419,12.04,1922219,11.896,16158492,19412874,2272312,982070
2026-04-27T18:45:03.146905+00:00,89197,92766,96.153,2758923,17.074,1945419,12.04,1922219,11.896,16158492,19412874,2272312,982070
2026-04-27T19:00:05.459142+00:00,89197,92766,96.153,2759124,17.075,1945447,12.039,1922306,11.896,16159298,19413832,2272406,982128
2026-04-27T19:15:04.162884+00:00,89201,92766,96.157,2759124,17.075,1945447,12.039,1922306,11.896,16159298,19413832,2272406,982128
2026-04-27T19:45:02.861961+00:00,89203,92766,96.159,2759186,17.074,1945550,12.04,1922384,11.896,16159719,19414339,2272466,982154
2026-04-27T20:30:04.173376+00:00,89206,92766,96.162,2759240,17.074,1945623,12.04,1922459,11.896,16160224,19414957,2272558,982175
2026-04-27T21:00:04.938898+00:00,89206,92766,96.162,2759298,17.074,1945658,12.039,1922574,11.897,16160811,19415626,2272618,982197
2026-04-27T21:15:02.747448+00:00,89209,92766,96.166,2759298,17.074,1945658,12.039,1922574,11.897,16160811,19415626,2272618,982197
2026-04-27T21:45:02.785287+00:00,89209,92766,96.166,2759566,17.073,1945804,12.038,1923073,11.898,16163468,19418648,2272847,982333
2026-04-27T22:00:05.305795+00:00,89222,92766,96.18,2759566,17.073,1945804,12.038,1923073,11.898,16163468,19418648,2272847,982333
2026-04-27T22:30:04.162894+00:00,89230,92766,96.188,2759797,17.073,1945930,12.038,1923229,11.897,16165070,19420537,2273030,982437
2026-04-27T23:00:05.453206+00:00,89230,92766,96.188,2759819,17.072,1946081,12.038,1923245,11.897,16165548,19421118,2273104,982466
2026-04-27T23:15:03.105839+00:00,89234,92766,96.193,2759819,17.072,1946081,12.038,1923245,11.897,16165548,19421118,2273104,982466
2026-04-27T23:30:04.406766+00:00,89234,92766,96.193,2760325,17.072,1946646,12.04,1923573,11.897,16168745,19425145,2273684,982716
2026-04-27T23:45:02.964834+00:00,89254,92766,96.214,2760325,17.072,1946646,12.04,1923573,11.897,16168745,19425145,2273684,982716
2026-04-28T01:15:02.726113+00:00,89254,92766,96.214,2760869,17.072,1947035,12.039,1923827,11.896,16172202,19429425,2274215,983008
2026-04-28T01:30:03.954172+00:00,89273,92766,96.235,2760869,17.072,1947035,12.039,1923827,11.896,16172202,19429425,2274215,983008
2026-04-28T02:00:04.768906+00:00,89273,92766,96.235,2761878,17.071,1948241,12.042,1924198,11.893,16179189,19438312,2275411,983712
2026-04-28T02:15:02.653909+00:00,89314,92766,96.279,2761878,17.071,1948241,12.042,1924198,11.893,16179189,19438312,2275411,983712
2026-04-28T02:45:02.704413+00:00,89314,92766,96.279,2762297,17.071,1948363,12.041,1924448,11.893,16181255,19440765,2275651,983859
2026-04-28T03:00:04.969612+00:00,89324,92766,96.29,2762297,17.071,1948363,12.041,1924448,11.893,16181255,19440765,2275651,983859
2026-04-28T03:30:03.910944+00:00,89324,92766,96.29,2762799,17.071,1949004,12.043,1924691,11.892,16184331,19444487,2276106,984050
2026-04-28T03:45:02.978374+00:00,89340,92766,96.307,2762799,17.071,1949004,12.043,1924691,11.892,16184331,19444487,2276106,984050
2026-04-28T04:15:02.496598+00:00,89340,92766,96.307,2763449,17.072,1949161,12.042,1924840,11.891,16186726,19447527,2276521,984280
2026-04-28T04:30:03.99429+00:00,89353,92766,96.321,2763449,17.072,1949161,12.042,1924840,11.891,16186726,19447527,2276521,984280
2026-04-28T05:15:02.487443+00:00,89353,92766,96.321,2763665,17.073,1949180,12.042,1924857,11.891,16187134,19448031,2276588,984309
2026-04-28T05:30:04.038593+00:00,89355,92766,96.323,2763665,17.073,1949180,12.042,1924857,11.891,16187134,19448031,2276588,984309
2026-04-28T14:15:02.856619+00:00,89355,92766,96.323,2764101,17.074,1949304,12.041,1924998,11.891,16188935,19450151,2276818,984398
2026-04-28T14:30:04.29337+00:00,89364,92766,96.333,2764101,17.074,1949304,12.041,1924998,11.891,16188935,19450151,2276818,984398
2026-04-28T15:00:04.819474+00:00,89374,92766,96.343,2764601,17.075,1949457,12.04,1925144,11.89,16190960,19452645,2277174,984511
2026-04-28T15:30:03.976335+00:00,89374,92766,96.343,2764888,17.075,1949707,12.041,1925302,11.89,16192603,19454800,2277492,984705
2026-04-28T15:45:02.68953+00:00,89384,92766,96.354,2764888,17.075,1949707,12.041,1925302,11.89,16192603,19454800,2277492,984705
2026-04-28T16:30:03.755225+00:00,89385,92766,96.355,2764912,17.075,1949735,12.041,1925314,11.89,16192772,19455037,2277539,984726
2026-04-28T17:15:02.946819+00:00,89385,92766,96.355,2764951,17.075,1949738,12.041,1925323,11.89,16192961,19455271,2277563,984747
2026-04-28T17:30:03.951416+00:00,89386,92766,96.356,2764951,17.075,1949738,12.041,1925323,11.89,16192961,19455271,2277563,984747
2026-04-28T18:45:02.718277+00:00,89386,92766,96.356,2764978,17.075,1949752,12.041,1925336,11.89,16193156,19455525,2277592,984777
2026-04-28T19:00:04.633047+00:00,89387,92766,96.358,2764978,17.075,1949752,12.041,1925336,11.89,16193156,19455525,2277592,984777
2026-04-28T21:00:04.920017+00:00,89387,92766,96.358,2765560,17.074,1950039,12.039,1925677,11.889,16197038,19460247,2278142,985067
2026-04-28T21:15:02.721124+00:00,89408,92766,96.38,2765560,17.074,1950039,12.039,1925677,11.889,16197038,19460247,2278142,985067
2026-04-28T22:00:04.82882+00:00,89429,92766,96.403,2766154,17.074,1950256,12.038,1926360,11.891,16200668,19464692,2278704,985320
2026-04-28T23:00:04.965987+00:00,89461,92766,96.437,2766867,17.074,1951392,12.041,1926685,11.889,16205588,19471138,2279681,985869
2026-04-29T00:00:05.07649+00:00,89517,92766,96.498,2768906,17.075,1952353,12.04,1927779,11.888,16215765,19483339,2280984,986590
2026-04-29T00:45:02.752927+00:00,89555,92766,96.539,2770549,17.079,1953062,12.039,1928309,11.887,16222426,19491888,2282213,987249
2026-04-29T01:45:02.851163+00:00,89599,92766,96.586,2772551,17.083,1953823,12.038,1928774,11.884,16230336,19501880,2283622,987922
2026-04-29T02:30:04.029307+00:00,89667,92766,96.659,2775714,17.091,1955036,12.038,1929443,11.88,16241079,19516303,2285814,989410
2026-04-29T03:30:04.079596+00:00,89703,92766,96.698,2777007,17.092,1955846,12.038,1930196,11.88,16247369,19523986,2286746,989871
2026-04-29T06:00:04.721109+00:00,89731,92766,96.728,2778052,17.094,1956751,12.04,1930413,11.878,16251531,19529460,2287700,990229
2026-04-29T14:30:05.07008+00:00,89733,92766,96.73,2778126,17.094,1956765,12.04,1930458,11.878,16251795,19529770,2287737,990238
2026-04-29T15:15:03.40458+00:00,89737,92766,96.735,2778193,17.094,1956830,12.04,1930499,11.878,16252499,19530567,2287807,990261
2026-04-29T17:30:05.148257+00:00,89751,92766,96.75,2778499,17.094,1956916,12.039,1930979,11.88,16254359,19532938,2288217,990362
2026-04-29T18:15:03.737237+00:00,89758,92766,96.757,2778710,17.094,1957169,12.04,1931047,11.879,16255623,19534490,2288442,990425
2026-04-29T19:00:06.297012+00:00,89770,92766,96.77,2779276,17.095,1957348,12.039,1931183,11.878,16257914,19537353,2288817,990622
2026-04-29T19:45:03.238064+00:00,89781,92766,96.782,2779696,17.095,1957428,12.038,1931472,11.879,16260022,19539944,2289082,990840
2026-04-29T20:30:05.175656+00:00,89783,92766,96.784,2779732,17.095,1957432,12.038,1931610,11.879,16260476,19540417,2289093,990848
2026-04-29T22:00:07.051964+00:00,89807,92766,96.81,2780533,17.095,1957817,12.037,1932163,11.879,16264782,19545771,2289774,991215
2026-04-29T22:45:03.372686+00:00,89807,92766,96.81,2780814,17.095,1958074,12.037,1932559,11.88,16266984,19548415,2289979,991452
2026-04-29T23:00:06.237692+00:00,89818,92766,96.822,2780814,17.095,1958074,12.037,1932559,11.88,16266984,19548415,2289979,991452
2026-04-29T23:30:05.192588+00:00,89818,92766,96.822,2782030,17.097,1958923,12.038,1932902,11.879,16272181,19555135,2291038,991916
2026-04-29T23:45:03.605422+00:00,89850,92766,96.857,2782030,17.097,1958923,12.038,1932902,11.879,16272181,19555135,2291038,991916
2026-04-30T00:15:03.370844+00:00,89850,92766,96.857,2782459,17.098,1958992,12.038,1933151,11.879,16274009,19557347,2291289,992049
2026-04-30T00:30:04.815606+00:00,89859,92766,96.866,2782459,17.098,1958992,12.038,1933151,11.879,16274009,19557347,2291289,992049
2026-04-30T01:00:06.28468+00:00,89892,92766,96.902,2783608,17.099,1959602,12.037,1933732,11.878,16279366,19564344,2292344,992634
2026-04-30T01:30:05.28163+00:00,89892,92766,96.902,2783748,17.099,1959739,12.037,1933843,11.878,16280283,19565431,2292439,992709
2026-04-30T01:45:03.305074+00:00,89897,92766,96.907,2783748,17.099,1959739,12.037,1933843,11.878,16280283,19565431,2292439,992709
2026-04-30T02:30:05.375334+00:00,89929,92766,96.942,2784876,17.1,1960876,12.041,1934103,11.876,16285390,19572337,2293587,993360
2026-04-30T03:00:06.01622+00:00,89929,92766,96.942,2785817,17.102,1961960,12.044,1934317,11.875,16289488,19577881,2294598,993795
2026-04-30T03:15:03.210295+00:00,89955,92766,96.97,2785817,17.102,1961960,12.044,1934317,11.875,16289488,19577881,2294598,993795
2026-04-30T04:00:06.013262+00:00,89973,92766,96.989,2786945,17.106,1962218,12.044,1934477,11.873,16292611,19581894,2295234,994049
2026-04-30T04:30:04.752527+00:00,89973,92766,96.989,2787631,17.108,1962374,12.043,1934594,11.873,16294592,19584527,2295654,994281
2026-04-30T04:45:03.246647+00:00,89985,92766,97.002,2787631,17.108,1962374,12.043,1934594,11.873,16294592,19584527,2295654,994281
2026-04-30T06:00:05.455961+00:00,89985,92766,97.002,2788506,17.111,1962627,12.043,1934738,11.872,16296899,19587553,2296165,994489
2026-04-30T06:15:03.429913+00:00,89998,92766,97.016,2788506,17.111,1962627,12.043,1934738,11.872,16296899,19587553,2296165,994489
2026-04-30T15:15:03.500004+00:00,89998,92766,97.016,2788543,17.11,1962645,12.043,1934803,11.872,16297306,19588019,2296193,994520
2026-04-30T15:30:05.209047+00:00,90000,92766,97.018,2788543,17.11,1962645,12.043,1934803,11.872,16297306,19588019,2296193,994520
2026-04-30T16:00:05.882435+00:00,90000,92766,97.018,2788611,17.11,1962657,12.043,1934893,11.872,16297678,19588464,2296218,994568
2026-04-30T16:15:03.437495+00:00,90002,92766,97.02,2788611,17.11,1962657,12.043,1934893,11.872,16297678,19588464,2296218,994568
2026-04-30T17:15:03.558348+00:00,90016,92766,97.036,2789161,17.112,1962775,12.042,1935104,11.872,16299802,19591215,2296674,994739
2026-04-30T18:00:06.377081+00:00,90058,92766,97.081,2790070,17.11,1964810,12.049,1935707,11.871,16306235,19599537,2297747,995555
2026-04-30T19:00:06.211174+00:00,90074,92766,97.098,2790625,17.111,1965181,12.05,1935842,11.87,16308623,19602538,2298199,995716
2026-04-30T19:30:05.220251+00:00,90091,92766,97.116,2791347,17.113,1965333,12.049,1936007,11.869,16310964,19605624,2298775,995885
2026-04-30T20:30:04.908114+00:00,90097,92766,97.123,2791616,17.114,1965378,12.049,1936056,11.869,16311802,19606777,2298949,996026
2026-04-30T22:15:03.194096+00:00,90183,92766,97.216,2794522,17.118,1966084,12.043,1938524,11.874,16325210,19623375,2301097,997068
2026-04-30T23:00:06.019466+00:00,90189,92766,97.222,2794698,17.118,1966239,12.043,1938605,11.874,16326183,19624582,2301264,997135
2026-04-30T23:45:03.111526+00:00,90200,92766,97.234,2795046,17.118,1966496,12.044,1938713,11.874,16327970,19626839,2301597,997272
2026-05-01T00:30:05.022873+00:00,90229,92766,97.265,2795967,17.119,1967149,12.044,1939023,11.872,16332377,19632476,2302459,997640
2026-05-01T01:15:03.440447+00:00,90251,92766,97.289,2796875,17.12,1967595,12.044,1939492,11.872,16336505,19637583,2303117,997961
2026-05-01T02:30:04.850871+00:00,90294,92766,97.335,2798117,17.121,1968523,12.045,1940301,11.872,16343591,19646906,2304416,998899
2026-05-01T03:30:05.089914+00:00,90311,92766,97.354,2798673,17.121,1968723,12.044,1940718,11.872,16346610,19650840,2305010,999220
2026-05-01T04:30:04.93838+00:00,90342,92766,97.387,2799495,17.12,1969462,12.044,1942079,11.877,16351827,19657273,2305852,999594
2026-05-01T06:00:06.806999+00:00,90350,92766,97.396,2799774,17.12,1969535,12.044,1942478,11.878,16353444,19659114,2305999,999671
2026-05-01T17:15:03.128312+00:00,90350,92766,97.396,2800237,17.121,1969584,12.042,1942957,11.879,16355699,19661777,2306193,999885
2026-05-01T17:30:04.883317+00:00,90361,92766,97.407,2800237,17.121,1969584,12.042,1942957,11.879,16355699,19661777,2306193,999885
2026-05-01T18:15:03.160926+00:00,90361,92766,97.407,2800505,17.121,1969899,12.043,1943027,11.879,16356940,19663325,2306401,999984
2026-05-01T18:30:04.834148+00:00,90368,92766,97.415,2800505,17.121,1969899,12.043,1943027,11.879,16356940,19663325,2306401,999984
2026-05-01T22:00:06.236356+00:00,90368,92766,97.415,2800526,17.121,1970177,12.045,1943039,11.879,16357455,19663988,2306522,1000011
2026-05-01T22:15:03.170518+00:00,90372,92766,97.419,2800526,17.121,1970177,12.045,1943039,11.879,16357455,19663988,2306522,1000011
2026-05-01T23:00:06.228399+00:00,90372,92766,97.419,2800884,17.12,1971125,12.048,1943528,11.879,16360553,19667715,2306935,1000227
2026-05-01T23:15:03.389421+00:00,90394,92766,97.443,2800884,17.12,1971125,12.048,1943528,11.879,16360553,19667715,2306935,1000227
2026-05-02T00:15:03.289378+00:00,90394,92766,97.443,2801074,17.12,1971167,12.048,1943553,11.879,16361049,19668424,2307102,1000273
2026-05-02T00:30:05.735797+00:00,90397,92766,97.446,2801074,17.12,1971167,12.048,1943553,11.879,16361049,19668424,2307102,1000273
2026-05-02T01:30:05.570613+00:00,90400,92766,97.449,2801121,17.12,1971313,12.049,1943564,11.879,16361397,19668903,2307205,1000301
2026-05-02T15:15:03.262489+00:00,90414,92766,97.465,2801661,17.121,1971439,12.047,1943981,11.879,16364202,19672146,2307506,1000438
2026-05-02T16:30:04.561247+00:00,90414,92766,97.465,2801778,17.12,1971655,12.048,1944066,11.879,16365308,19673510,2307668,1000534
2026-05-02T16:45:03.447768+00:00,90420,92766,97.471,2801778,17.12,1971655,12.048,1944066,11.879,16365308,19673510,2307668,1000534
2026-05-02T17:45:03.101084+00:00,90435,92766,97.487,2802227,17.12,1972087,12.048,1944357,11.879,16367984,19676859,2308178,1000697
2026-05-02T19:00:05.953892+00:00,90435,92766,97.487,2802507,17.121,1972118,12.048,1944585,11.88,16369175,19678251,2308329,1000747
2026-05-02T19:15:02.884686+00:00,90441,92766,97.494,2802507,17.121,1972118,12.048,1944585,11.88,16369175,19678251,2308329,1000747
2026-05-02T20:15:03.390731+00:00,90443,92766,97.496,2802594,17.121,1972140,12.048,1944626,11.879,16369624,19678774,2308367,1000783
2026-05-02T22:30:05.434989+00:00,90443,92766,97.496,2802831,17.121,1972248,12.047,1944683,11.879,16370628,19680116,2308581,1000907
2026-05-02T22:45:03.379388+00:00,90449,92766,97.502,2802831,17.121,1972248,12.047,1944683,11.879,16370628,19680116,2308581,1000907
2026-05-02T23:45:03.095582+00:00,90502,92766,97.559,2804927,17.125,1973225,12.047,1945570,11.878,16378958,19690844,2310369,1001517
2026-05-03T01:15:03.121502+00:00,90563,92766,97.625,2807466,17.129,1974202,12.045,1946453,11.876,16389959,19704766,2312380,1002427
2026-05-03T02:30:05.103183+00:00,90563,92766,97.625,2809255,17.131,1974762,12.042,1947855,11.878,16398797,19716759,2314457,1003505
2026-05-03T02:45:03.255809+00:00,90624,92766,97.691,2809255,17.131,1974762,12.042,1947855,11.878,16398797,19716759,2314457,1003505
2026-05-03T03:30:04.842381+00:00,90624,92766,97.691,2809424,17.131,1974778,12.042,1948028,11.878,16399728,19718059,2314710,1003621
2026-05-03T03:45:03.348906+00:00,90632,92766,97.7,2809424,17.131,1974778,12.042,1948028,11.878,16399728,19718059,2314710,1003621
2026-05-03T04:45:03.164271+00:00,90636,92766,97.704,2809499,17.131,1974963,12.042,1948072,11.878,16400439,19718908,2314800,1003669
2026-05-03T16:30:04.560598+00:00,90644,92766,97.713,2809866,17.131,1975034,12.041,1948233,11.878,16401998,19720779,2314976,1003805
2026-05-03T17:30:04.525128+00:00,90644,92766,97.713,2809983,17.131,1975079,12.041,1948301,11.878,16402586,19721467,2315060,1003821
2026-05-03T17:45:03.032208+00:00,90647,92766,97.716,2809983,17.131,1975079,12.041,1948301,11.878,16402586,19721467,2315060,1003821
2026-05-03T19:00:06.030819+00:00,90647,92766,97.716,2810271,17.131,1975616,12.043,1948467,11.878,16404520,19723870,2315432,1003918
2026-05-03T19:15:03.673156+00:00,90659,92766,97.729,2810271,17.131,1975616,12.043,1948467,11.878,16404520,19723870,2315432,1003918
2026-05-03T21:30:04.557758+00:00,90660,92766,97.73,2810301,17.131,1975649,12.043,1948472,11.878,16404641,19724064,2315481,1003942
2026-05-03T23:00:06.176238+00:00,90675,92766,97.746,2810575,17.131,1976238,12.046,1948489,11.877,16406212,19726620,2316179,1004229
2026-05-04T00:00:06.184565+00:00,90675,92766,97.746,2810899,17.131,1976665,12.047,1948555,11.876,16407810,19728894,2316678,1004406
2026-05-04T00:15:03.534662+00:00,90688,92766,97.76,2810899,17.131,1976665,12.047,1948555,11.876,16407810,19728894,2316678,1004406
2026-05-04T02:15:04.222367+00:00,90693,92766,97.765,2811087,17.132,1976693,12.047,1948754,11.876,16408817,19730037,2316775,1004445
2026-05-04T03:15:03.522887+00:00,90715,92766,97.789,2811747,17.131,1976734,12.043,1950243,11.882,16413375,19734970,2317063,1004532
2026-05-04T04:30:04.880021+00:00,90701,92766,97.774,2811347,17.131,1976710,12.045,1949296,11.878,16410422,19731776,2316881,1004473
2026-05-04T05:30:04.855036+00:00,90707,92766,97.78,2811487,17.131,1976717,12.045,1949701,11.88,16411770,19733231,2316957,1004504
2026-05-04T06:30:04.982257+00:00,90707,92766,97.78,2811087,17.132,1976693,12.047,1948754,11.876,16408817,19730037,2316775,1004445
2026-05-04T06:45:03.27529+00:00,90693,92766,97.765,2811087,17.132,1976693,12.047,1948754,11.876,16408817,19730037,2316775,1004445
2026-05-04T07:45:03.649978+00:00,90715,92766,97.789,2811747,17.131,1976734,12.043,1950243,11.882,16413375,19734970,2317063,1004532
2026-05-04T15:00:05.566317+00:00,90716,92766,97.79,2811778,17.131,1976736,12.043,1950281,11.882,16413569,19735195,2317083,1004543
2026-05-04T16:00:05.848221+00:00,90722,92766,97.797,2812033,17.131,1976792,12.043,1950484,11.883,16414753,19736660,2317304,1004603
2026-05-04T17:00:05.655601+00:00,90726,92766,97.801,2812183,17.131,1976850,12.043,1950551,11.882,16415451,19737504,2317412,1004641
2026-05-04T18:00:05.434404+00:00,90726,92766,97.801,2812218,17.131,1976850,12.042,1950595,11.883,16415645,19737720,2317429,1004646
2026-05-04T18:15:03.532335+00:00,90727,92766,97.802,2812218,17.131,1976850,12.042,1950595,11.883,16415645,19737720,2317429,1004646
2026-05-04T19:00:05.943229+00:00,90727,92766,97.802,2812381,17.132,1976898,12.042,1950654,11.882,16416333,19738598,2317555,1004710
2026-05-04T19:15:03.280359+00:00,90731,92766,97.806,2812381,17.132,1976898,12.042,1950654,11.882,16416333,19738598,2317555,1004710
2026-05-04T21:30:05.124317+00:00,90732,92766,97.807,2812404,17.132,1976901,12.042,1950748,11.883,16416523,19738898,2317565,1004810
2026-05-04T22:15:03.009717+00:00,90734,92766,97.81,2812523,17.132,1976946,12.042,1950775,11.883,16416824,19739297,2317642,1004831
2026-05-04T23:30:04.826645+00:00,90734,92766,97.81,2812662,17.132,1976925,12.042,1950812,11.883,16417334,19739882,2317692,1004856
2026-05-04T23:45:02.935228+00:00,90736,92766,97.812,2812662,17.132,1976925,12.042,1950812,11.883,16417334,19739882,2317692,1004856
2026-05-05T00:30:04.541367+00:00,90736,92766,97.812,2813973,17.135,1977147,12.039,1951250,11.882,16422350,19746122,2318463,1005309
2026-05-05T00:45:03.329136+00:00,90766,92766,97.844,2813973,17.135,1977147,12.039,1951250,11.882,16422350,19746122,2318463,1005309
2026-05-05T01:45:02.871856+00:00,90796,92766,97.876,2815142,17.137,1977688,12.039,1951598,11.88,16427148,19752645,2319641,1005856
2026-05-05T02:45:02.755846+00:00,90831,92766,97.914,2815921,17.138,1978088,12.039,1952277,11.881,16431331,19758324,2320693,1006300
2026-05-05T03:45:03.560328+00:00,90837,92766,97.921,2815988,17.137,1978260,12.039,1952342,11.881,16431977,19759122,2320818,1006327
2026-05-05T04:45:02.983854+00:00,90842,92766,97.926,2816172,17.137,1978281,12.038,1952537,11.882,16433039,19760306,2320892,1006375
2026-05-05T06:30:04.671849+00:00,90842,92766,97.926,2816865,17.138,1978410,12.037,1952947,11.882,16436172,19763941,2321217,1006552
2026-05-05T06:45:03.101355+00:00,90857,92766,97.942,2816865,17.138,1978410,12.037,1952947,11.882,16436172,19763941,2321217,1006552
2026-05-05T15:00:05.749712+00:00,90858,92766,97.943,2816928,17.138,1978421,12.037,1953011,11.882,16436408,19764207,2321232,1006567
2026-05-05T17:00:05.913146+00:00,90858,92766,97.943,2818029,17.139,1978956,12.036,1953639,11.882,16441922,19770768,2321883,1006963
2026-05-05T17:15:03.03416+00:00,90886,92766,97.973,2818029,17.139,1978956,12.036,1953639,11.882,16441922,19770768,2321883,1006963
2026-05-05T19:00:05.705268+00:00,90886,92766,97.973,2818965,17.138,1979892,12.037,1954555,11.883,16448339,19778170,2322582,1007249
2026-05-05T19:15:03.220709+00:00,90922,92766,98.012,2818965,17.138,1979892,12.037,1954555,11.883,16448339,19778170,2322582,1007249
2026-05-05T21:30:04.579196+00:00,90934,92766,98.025,2819295,17.138,1980230,12.038,1954797,11.883,16450499,19780748,2322866,1007383
2026-05-05T22:15:03.059412+00:00,90939,92766,98.031,2819412,17.138,1980390,12.038,1954868,11.883,16451273,19781713,2323011,1007429
2026-05-05T23:15:03.067595+00:00,90952,92766,98.045,2819745,17.138,1980554,12.037,1955534,11.885,16453632,19784461,2323282,1007547
2026-05-06T00:30:04.771809+00:00,90977,92766,98.071,2820530,17.137,1980713,12.035,1956801,11.889,16458464,19789981,2323645,1007872
2026-05-06T01:00:05.523035+00:00,90977,92766,98.071,2822528,17.141,1981567,12.034,1957601,11.888,16466977,19800537,2325020,1008540
2026-05-06T01:15:03.385416+00:00,91025,92766,98.123,2822528,17.141,1981567,12.034,1957601,11.888,16466977,19800537,2325020,1008540
2026-05-06T02:00:05.247822+00:00,91048,92766,98.148,2823161,17.14,1982340,12.035,1958238,11.889,16471056,19805562,2325733,1008773
2026-05-06T02:30:04.852467+00:00,91048,92766,98.148,2824228,17.139,1983266,12.035,1960158,11.895,16478733,19814594,2326638,1009223
2026-05-06T02:45:02.937814+00:00,91090,92766,98.193,2824228,17.139,1983266,12.035,1960158,11.895,16478733,19814594,2326638,1009223
2026-05-06T03:30:04.61914+00:00,91090,92766,98.193,2824688,17.138,1984313,12.039,1960604,11.895,16482457,19819273,2327363,1009453
2026-05-06T03:45:03.003324+00:00,91113,92766,98.218,2824688,17.138,1984313,12.039,1960604,11.895,16482457,19819273,2327363,1009453
2026-05-06T14:30:05.009116+00:00,91118,92766,98.223,2824924,17.138,1984368,12.039,1960698,11.895,16483415,19820415,2327495,1009505
2026-05-06T15:30:04.660688+00:00,91120,92766,98.226,2824997,17.138,1984416,12.039,1960728,11.895,16483751,19820844,2327551,1009542
2026-05-06T16:30:04.808322+00:00,91125,92766,98.231,2825139,17.138,1984518,12.039,1960791,11.895,16484564,19821919,2327756,1009599
2026-05-06T17:30:04.765061+00:00,91142,92766,98.249,2826005,17.14,1984613,12.037,1961249,11.895,16488050,19825968,2328113,1009805
2026-05-06T18:45:03.528974+00:00,91146,92766,98.254,2826110,17.14,1984740,12.037,1961333,11.895,16488751,19826781,2328194,1009836
2026-05-06T19:30:04.887565+00:00,91150,92766,98.258,2826155,17.139,1984946,12.038,1961349,11.895,16489310,19827484,2328304,1009870
2026-05-06T20:30:04.510328+00:00,91150,92766,98.258,2826367,17.139,1985146,12.038,1961470,11.894,16490670,19829166,2328524,1009972
2026-05-06T20:45:03.209111+00:00,91158,92766,98.267,2826367,17.139,1985146,12.038,1961470,11.894,16490670,19829166,2328524,1009972
2026-05-06T21:45:03.044905+00:00,91172,92766,98.282,2826640,17.139,1985745,12.041,1961519,11.894,16492189,19831403,2329034,1010180
2026-05-06T22:45:03.717723+00:00,91240,92766,98.355,2828291,17.137,1987661,12.043,1963351,11.896,16504066,19845572,2330648,1010858
2026-05-07T00:00:05.795716+00:00,91282,92766,98.4,2829881,17.14,1988032,12.041,1964326,11.897,16510717,19854194,2332018,1011459
2026-05-07T01:00:05.985312+00:00,91282,92766,98.4,2830647,17.142,1988399,12.041,1964450,11.896,16513199,19857879,2332981,1011699
2026-05-07T01:15:03.232705+00:00,91304,92766,98.424,2830647,17.142,1988399,12.041,1964450,11.896,16513199,19857879,2332981,1011699
2026-05-07T02:00:05.603037+00:00,91304,92766,98.424,2831485,17.143,1988892,12.042,1964741,11.895,16516807,19862481,2333715,1011959
2026-05-07T02:15:03.761412+00:00,91324,92766,98.446,2831485,17.143,1988892,12.042,1964741,11.895,16516807,19862481,2333715,1011959
2026-05-07T03:00:05.832369+00:00,91324,92766,98.446,2831637,17.143,1988994,12.042,1964875,11.896,16517681,19863490,2333819,1011990
2026-05-07T03:15:03.198673+00:00,91329,92766,98.451,2831637,17.143,1988994,12.042,1964875,11.896,16517681,19863490,2333819,1011990
2026-05-07T04:00:06.325523+00:00,91329,92766,98.451,2831648,17.143,1989027,12.042,1964895,11.896,16517856,19863727,2333860,1012011
2026-05-07T04:15:03.463358+00:00,91330,92766,98.452,2831648,17.143,1989027,12.042,1964895,11.896,16517856,19863727,2333860,1012011
2026-05-07T06:30:04.686154+00:00,91331,92766,98.453,2831672,17.143,1989029,12.042,1964950,11.896,16518047,19863938,2333875,1012016
2026-05-07T07:15:03.205145+00:00,91332,92766,98.454,2831702,17.143,1989030,12.041,1965019,11.896,16518254,19864157,2333884,1012019
2026-05-07T14:30:04.907452+00:00,91334,92766,98.456,2831737,17.143,1989030,12.041,1965087,11.896,16518436,19864662,2333898,1012328
2026-05-07T15:30:06.129477+00:00,91337,92766,98.46,2831850,17.143,1989071,12.041,1965147,11.896,16519040,19865354,2333964,1012350
2026-05-07T16:30:05.015473+00:00,91340,92766,98.463,2831921,17.143,1989091,12.041,1965304,11.897,16519652,19866033,2333996,1012385
2026-05-07T17:15:03.520138+00:00,91364,92766,98.489,2832377,17.143,1989272,12.04,1965910,11.898,16522426,19869826,2334742,1012658
2026-05-07T18:15:03.212565+00:00,91406,92766,98.534,2833546,17.143,1989617,12.037,1967273,11.902,16529015,19878278,2335920,1013343
2026-05-07T19:30:04.508725+00:00,91417,92766,98.546,2834067,17.144,1989684,12.036,1967568,11.902,16531218,19880896,2336224,1013454
2026-05-07T21:00:05.738607+00:00,91417,92766,98.546,2834150,17.144,1989688,12.036,1967654,11.902,16531672,19881406,2336258,1013476
2026-05-07T21:15:03.171461+00:00,91419,92766,98.548,2834150,17.144,1989688,12.036,1967654,11.902,16531672,19881406,2336258,1013476
2026-05-07T22:30:05.027932+00:00,91457,92766,98.589,2835077,17.145,1990790,12.039,1967974,11.901,16536280,19887441,2337317,1013844
2026-05-08T00:00:06.727675+00:00,91499,92766,98.634,2836040,17.144,1991601,12.039,1968736,11.901,16542277,19895024,2338426,1014321
2026-05-08T01:00:06.07436+00:00,91536,92766,98.674,2837334,17.146,1992767,12.042,1969159,11.899,16548500,19903020,2339717,1014803
2026-05-08T02:00:07.133482+00:00,91536,92766,98.674,2838176,17.146,1993276,12.042,1969751,11.899,16553348,19908907,2340450,1015109
2026-05-08T02:15:03.856089+00:00,91563,92766,98.703,2838176,17.146,1993276,12.042,1969751,11.899,16553348,19908907,2340450,1015109
2026-05-08T03:00:06.545371+00:00,91563,92766,98.703,2838706,17.146,1993696,12.042,1970196,11.9,16556497,19912738,2340910,1015331
2026-05-08T03:15:03.308008+00:00,91579,92766,98.72,2838706,17.146,1993696,12.042,1970196,11.9,16556497,19912738,2340910,1015331
2026-05-08T04:30:05.252817+00:00,91601,92766,98.744,2839528,17.146,1993958,12.04,1970829,11.901,16560818,19918000,2341463,1015719
2026-05-08T05:30:06.325928+00:00,91617,92766,98.761,2840180,17.147,1994099,12.039,1971231,11.901,16563960,19921804,2341900,1015944
2026-05-08T06:30:04.875578+00:00,91617,92766,98.761,2840294,17.147,1994117,12.038,1971347,11.901,16564569,19922581,2342021,1015991
2026-05-08T06:45:03.435418+00:00,91622,92766,98.767,2840294,17.147,1994117,12.038,1971347,11.901,16564569,19922581,2342021,1015991
2026-05-08T07:45:04.038654+00:00,91667,92766,98.815,2841583,17.148,1994288,12.035,1972496,11.904,16570495,19930827,2343328,1017004
2026-05-08T08:45:03.45691+00:00,91707,92766,98.858,2843215,17.152,1994505,12.032,1972943,11.902,16576257,19938433,2344428,1017748
2026-05-08T12:30:05.346029+00:00,91763,92766,98.919,2845372,17.158,1994847,12.029,1973456,11.9,16583734,19948300,2346130,1018436
2026-05-08T13:30:04.978584+00:00,91763,92766,98.919,2846254,17.16,1994989,12.028,1973641,11.899,16586483,19951967,2346923,1018561
2026-05-08T13:45:03.150623+00:00,91785,92766,98.943,2846254,17.16,1994989,12.028,1973641,11.899,16586483,19951967,2346923,1018561
2026-05-08T14:30:05.269232+00:00,91785,92766,98.943,2846347,17.16,1995019,12.028,1973663,11.899,16586855,19952409,2346963,1018591
2026-05-08T14:45:03.416276+00:00,91787,92766,98.945,2846347,17.16,1995019,12.028,1973663,11.899,16586855,19952409,2346963,1018591
2026-05-08T15:30:05.059064+00:00,91789,92766,98.947,2846424,17.16,1995039,12.028,1973710,11.899,16587252,19952873,2347011,1018610
2026-05-08T16:30:05.527056+00:00,91792,92766,98.95,2846539,17.16,1995075,12.027,1973829,11.899,16587885,19953583,2347068,1018630
2026-05-08T17:15:03.239715+00:00,91796,92766,98.954,2846687,17.16,1995103,12.027,1973979,11.9,16588704,19954569,2347164,1018701
2026-05-08T18:30:05.046356+00:00,91812,92766,98.972,2847344,17.161,1995323,12.026,1974411,11.9,16591982,19958565,2347618,1018965
2026-05-08T19:30:05.391558+00:00,91828,92766,98.989,2847832,17.161,1995453,12.024,1975049,11.901,16595008,19962237,2347986,1019243
2026-05-08T20:15:03.689629+00:00,91837,92766,98.999,2848171,17.161,1995524,12.024,1975191,11.901,16596359,19963930,2348238,1019333
2026-05-08T21:00:06.238765+00:00,91858,92766,99.021,2848872,17.161,1995834,12.023,1976049,11.904,16600368,19968718,2348809,1019541
2026-05-08T21:15:03.456475+00:00,91866,92766,99.03,2849245,17.162,1995876,12.022,1976311,11.904,16602070,19970667,2348960,1019637
2026-05-08T22:00:06.052859+00:00,91866,92766,99.03,2850568,17.164,1996027,12.018,1977387,11.906,16608217,19981351,2349669,1023465
2026-05-08T22:15:03.335837+00:00,91906,92766,99.073,2850568,17.164,1996027,12.018,1977387,11.906,16608217,19981351,2349669,1023465
2026-05-08T22:30:04.491941+00:00,91916,92766,99.084,2850899,17.164,1996063,12.017,1977586,11.906,16609668,19983559,2349866,1024025
2026-05-08T23:00:06.068022+00:00,91930,92766,99.099,2851371,17.164,1996282,12.017,1978089,11.907,16612420,19986776,2350181,1024175
2026-05-08T23:15:03.445329+00:00,91935,92766,99.104,2851533,17.164,1996298,12.016,1978416,11.909,16613427,19987889,2350254,1024208
2026-05-08T23:30:05.142093+00:00,91935,92766,99.104,2851882,17.164,1996348,12.015,1978745,11.909,16615160,19990057,2350404,1024493
2026-05-08T23:45:03.456902+00:00,91944,92766,99.114,2851882,17.164,1996348,12.015,1978745,11.909,16615160,19990057,2350404,1024493
2026-05-09T00:15:03.472969+00:00,91949,92766,99.119,2851972,17.164,1996373,12.015,1978944,11.91,16615966,19991112,2350505,1024641
2026-05-09T00:30:04.879054+00:00,91949,92766,99.119,2852719,17.165,1996669,12.014,1979310,11.91,16618935,19997079,2351218,1026926
2026-05-09T00:45:03.804169+00:00,91974,92766,99.146,2852719,17.165,1996669,12.014,1979310,11.91,16618935,19997079,2351218,1026926
2026-05-09T01:00:06.178347+00:00,92000,92766,99.174,2853298,17.164,1997073,12.013,1979896,11.91,16624132,20003123,2351755,1027236
2026-05-09T01:15:03.316407+00:00,92033,92766,99.21,2854010,17.161,1997558,12.011,1980890,11.911,16630432,20010859,2352510,1027917
2026-05-09T01:45:03.283377+00:00,92038,92766,99.215,2854191,17.162,1997590,12.011,1981182,11.912,16631358,20011899,2352601,1027940
2026-05-09T02:00:05.597123+00:00,92038,92766,99.215,2854347,17.162,1997625,12.011,1981211,11.912,16631714,20012339,2352662,1027963
2026-05-09T02:15:03.586313+00:00,92036,92766,99.213,2854104,17.162,1997515,12.011,1981170,11.913,16630851,20010961,2352350,1027760
2026-05-09T02:30:05.288279+00:00,92036,92766,99.213,2854335,17.162,1997598,12.011,1981214,11.912,16631522,20011782,2352472,1027788
2026-05-09T02:45:03.367197+00:00,92041,92766,99.218,2854335,17.162,1997598,12.011,1981214,11.912,16631522,20011782,2352472,1027788
2026-05-09T03:30:04.937335+00:00,92049,92766,99.227,2854687,17.163,1997684,12.011,1981288,11.912,16632524,20013093,2352697,1027872
2026-05-09T03:45:03.622135+00:00,92054,92766,99.232,2854938,17.164,1997768,12.011,1981329,11.912,16633174,20013913,2352837,1027902
2026-05-09T04:15:03.572363+00:00,92076,92766,99.256,2855932,17.166,1997906,12.009,1981869,11.912,16637350,20018869,2353375,1028144
2026-05-09T04:30:05.159558+00:00,92076,92766,99.256,2856098,17.166,1997973,12.008,1981961,11.912,16638212,20019957,2353565,1028180
2026-05-09T04:45:03.618492+00:00,92082,92766,99.263,2856098,17.166,1997973,12.008,1981961,11.912,16638212,20019957,2353565,1028180
2026-05-09T05:00:05.728534+00:00,92082,92766,99.263,2856231,17.166,1997998,12.008,1982020,11.912,16638805,20020677,2353649,1028223
2026-05-09T05:15:03.053637+00:00,92085,92766,99.266,2856231,17.166,1997998,12.008,1982020,11.912,16638805,20020677,2353649,1028223
2026-05-09T05:45:03.159897+00:00,92094,92766,99.276,2856552,17.166,1998132,12.008,1982220,11.912,16640600,20022766,2353884,1028282
2026-05-09T06:15:03.171752+00:00,92096,92766,99.278,2856626,17.166,1998143,12.007,1982274,11.912,16640992,20023212,2353910,1028310
2026-05-09T07:00:05.972939+00:00,92099,92766,99.281,2856741,17.166,1998177,12.007,1982342,11.912,16641587,20023895,2353975,1028333
2026-05-09T07:45:03.769039+00:00,92104,92766,99.286,2856920,17.166,1998250,12.007,1982410,11.912,16642518,20025040,2354109,1028413
2026-05-09T08:30:05.210478+00:00,92109,92766,99.292,2857123,17.167,1998342,12.007,1982522,11.912,16643567,20026282,2354268,1028447
2026-05-09T13:30:04.861327+00:00,92111,92766,99.294,2857182,17.166,1998358,12.006,1982577,11.912,16643986,20026773,2354307,1028480
2026-05-09T14:30:05.006025+00:00,92111,92766,99.294,2857233,17.167,1998360,12.006,1982612,11.912,16644197,20027019,2354336,1028486
2026-05-09T14:45:04.371915+00:00,92112,92766,99.295,2857233,17.167,1998360,12.006,1982612,11.912,16644197,20027019,2354336,1028486
2026-05-09T15:45:03.660404+00:00,92125,92766,99.309,2857688,17.167,1998595,12.006,1982878,11.912,16646716,20030062,2354626,1028720
2026-05-09T16:45:03.485371+00:00,92144,92766,99.329,2858430,17.167,1998772,12.004,1983381,11.912,16650300,20034404,2355147,1028957
2026-05-09T18:00:05.750542+00:00,92144,92766,99.329,2859077,17.168,1999125,12.004,1983865,11.912,16653671,20038305,2355535,1029099
2026-05-09T18:15:03.377031+00:00,92162,92766,99.349,2859077,17.168,1999125,12.004,1983865,11.912,16653671,20038305,2355535,1029099
2026-05-09T19:15:03.305246+00:00,92214,92766,99.405,2860905,17.169,1999870,12.002,1984864,11.911,16663452,20050175,2357007,1029716
2026-05-09T20:30:05.307703+00:00,92233,92766,99.425,2861493,17.17,1999983,12.0,1985215,11.912,16666013,20054680,2357354,1031313
2026-05-09T21:30:05.322206+00:00,92255,92766,99.449,2862317,17.171,2000271,11.999,1985657,11.912,16669671,20059695,2357952,1032072
2026-05-09T22:15:03.587415+00:00,92265,92766,99.46,2862787,17.172,2000575,12.0,1985749,11.911,16671311,20061829,2358334,1032184
2026-05-09T23:15:03.559933+00:00,92274,92766,99.47,2863195,17.173,2000769,12.0,1985830,11.911,16672810,20063751,2358624,1032317
2026-05-10T00:15:03.665579+00:00,92290,92766,99.487,2863794,17.174,2001128,12.0,1986007,11.91,16675573,20067239,2359160,1032506
2026-05-10T01:15:03.596131+00:00,92307,92766,99.505,2864334,17.173,2001382,11.999,1986610,11.911,16678950,20071240,2359497,1032793
2026-05-10T02:30:05.728616+00:00,92317,92766,99.516,2864655,17.173,2001531,11.999,1986833,11.911,16680715,20073518,2359681,1033122
2026-05-10T03:15:03.411197+00:00,92320,92766,99.519,2864778,17.174,2001567,11.999,1986876,11.911,16681308,20074269,2359798,1033163
2026-05-10T04:30:05.381347+00:00,92323,92766,99.522,2864878,17.174,2001574,11.998,1986984,11.911,16681939,20074989,2359838,1033212
2026-05-10T05:30:05.275129+00:00,92334,92766,99.534,2865292,17.174,2001632,11.997,1987417,11.912,16684348,20077644,2360000,1033296
2026-05-10T07:30:05.032912+00:00,92335,92766,99.535,2865313,17.173,2001632,11.997,1987495,11.912,16684550,20077865,2360014,1033301
2026-05-10T08:15:03.439008+00:00,92343,92766,99.544,2865480,17.173,2001640,11.996,1988094,11.915,16686074,20079763,2360115,1033574
2026-05-10T12:30:05.183439+00:00,92348,92766,99.549,2865593,17.173,2001649,11.995,1988394,11.916,16686981,20080997,2360193,1033823
2026-05-10T16:15:03.432068+00:00,92355,92766,99.557,2865851,17.173,2001688,11.995,1988621,11.916,16688225,20082677,2360314,1034138
2026-05-10T17:15:04.015485+00:00,92360,92766,99.562,2865931,17.173,2001700,11.994,1988736,11.917,16688659,20084043,2360356,1035028
2026-05-10T19:45:03.524104+00:00,92372,92766,99.575,2866310,17.173,2001792,11.993,1989068,11.917,16690909,20086915,2360585,1035421
2026-05-10T22:45:03.817722+00:00,92380,92766,99.584,2866718,17.174,2001891,11.993,1989124,11.917,16692076,20088645,2360928,1035641
2026-05-11T00:00:06.000863+00:00,92390,92766,99.595,2867064,17.175,2002307,11.994,1989179,11.916,16693704,20090718,2361241,1035773
2026-05-11T01:00:06.482665+00:00,92420,92766,99.627,2867430,17.172,2003692,12.0,1989366,11.914,16697881,20096163,2362040,1036242
2026-05-11T02:00:06.526064+00:00,92420,92766,99.627,2867437,17.172,2003715,12.0,1989367,11.914,16697958,20096306,2362083,1036265
2026-05-11T02:15:03.757736+00:00,92421,92766,99.628,2867437,17.172,2003715,12.0,1989367,11.914,16697958,20096306,2362083,1036265
2026-05-11T03:30:05.064655+00:00,92423,92766,99.63,2867455,17.172,2003813,12.0,1989369,11.914,16698224,20096639,2362141,1036274
2026-05-11T04:15:03.568689+00:00,92425,92766,99.632,2867469,17.172,2003844,12.0,1989371,11.914,16698367,20096873,2362218,1036288
2026-05-11T15:15:03.27852+00:00,92427,92766,99.635,2867517,17.172,2003902,12.0,1989428,11.914,16698779,20097333,2362248,1036306
2026-05-11T16:30:05.163719+00:00,92427,92766,99.635,2867638,17.172,2004207,12.001,1989515,11.913,16699805,20098696,2362504,1036387
2026-05-11T16:45:03.335184+00:00,92434,92766,99.642,2867638,17.172,2004207,12.001,1989515,11.913,16699805,20098696,2362504,1036387
2026-05-11T17:15:03.152699+00:00,92453,92766,99.663,2868245,17.172,2004489,12.001,1989968,11.914,16703239,20102752,2362924,1036589
2026-05-11T18:00:06.265049+00:00,92453,92766,99.663,2868237,17.172,2004538,12.001,1989994,11.914,16703280,20102898,2362951,1036667
2026-05-11T19:00:06.163269+00:00,92453,92766,99.663,2868268,17.172,2004639,12.001,1990003,11.914,16703640,20103713,2363046,1037027
2026-05-11T19:15:03.137393+00:00,92457,92766,99.667,2868268,17.172,2004639,12.001,1990003,11.914,16703640,20103713,2363046,1037027
2026-05-11T20:45:03.199517+00:00,92458,92766,99.668,2868268,17.172,2004639,12.001,1990003,11.914,16703640,20104012,2363046,1037326
2026-05-12T00:00:05.93062+00:00,92458,92766,99.668,2868597,17.171,2005096,12.002,1990228,11.913,16705870,20107065,2363355,1037840
2026-05-12T00:15:03.5484+00:00,92495,92766,99.708,2869576,17.172,2005387,12.001,1990862,11.914,16710424,20112409,2363955,1038030
2026-05-12T01:00:06.204192+00:00,92495,92766,99.708,2870247,17.173,2005885,12.002,1991164,11.914,16713446,20116154,2364474,1038234
2026-05-12T01:15:03.729653+00:00,92512,92766,99.726,2870247,17.173,2005885,12.002,1991164,11.914,16713446,20116154,2364474,1038234
2026-05-12T02:00:06.019179+00:00,92528,92766,99.743,2870838,17.174,2006420,12.003,1991387,11.913,16716333,20119817,2364991,1038493
2026-05-12T02:45:03.16583+00:00,92537,92766,99.753,2871082,17.174,2006560,12.002,1991811,11.914,16718027,20121745,2365154,1038564
2026-05-12T05:15:03.529191+00:00,92538,92766,99.754,2871113,17.174,2006583,12.002,1991819,11.914,16718193,20121957,2365190,1038574
2026-05-12T06:00:06.235944+00:00,92538,92766,99.754,2871146,17.174,2006652,12.003,1991819,11.914,16718407,20122310,2365318,1038585
2026-05-12T06:15:03.566338+00:00,92539,92766,99.755,2871146,17.174,2006652,12.003,1991819,11.914,16718407,20122310,2365318,1038585
2026-05-12T15:45:03.191691+00:00,92541,92766,99.757,2871159,17.173,2006721,12.003,1991824,11.914,16718643,20122599,2365358,1038598
2026-05-12T17:00:05.914484+00:00,92548,92766,99.765,2871481,17.174,2007102,12.004,1991850,11.913,16719777,20124122,2365659,1038686
2026-05-12T17:30:05.240243+00:00,92560,92766,99.778,2871903,17.175,2007666,12.006,1991960,11.912,16721613,20126623,2366144,1038866
2026-05-12T18:00:05.722759+00:00,92570,92766,99.789,2872238,17.175,2008050,12.008,1992101,11.912,16723146,20128674,2366544,1038984
2026-05-12T20:15:03.361011+00:00,92573,92766,99.792,2872304,17.175,2008073,12.007,1992165,11.912,16723503,20129382,2366579,1039300
2026-05-12T20:45:03.786539+00:00,92578,92766,99.797,2872480,17.176,2008162,12.007,1992256,11.912,16724276,20130363,2366733,1039354
2026-05-12T21:30:05.390095+00:00,92588,92766,99.808,2872818,17.176,2008277,12.007,1992567,11.913,16726054,20132494,2366996,1039444
2026-05-12T22:15:03.248502+00:00,92618,92766,99.84,2873633,17.177,2009666,12.012,1992714,11.911,16729875,20137831,2368001,1039955
2026-05-12T23:00:06.068743+00:00,92640,92766,99.864,2874264,17.178,2010341,12.015,1992800,11.91,16732562,20141776,2368909,1040305
2026-05-12T23:45:03.376117+00:00,92665,92766,99.891,2874840,17.177,2011337,12.018,1993268,11.91,16736251,20147008,2369622,1041135
2026-05-13T00:30:05.028588+00:00,92665,92766,99.891,2875108,17.178,2011593,12.019,1993296,11.909,16737335,20149673,2369899,1042439
2026-05-13T00:45:03.732198+00:00,92677,92766,99.904,2875108,17.178,2011593,12.019,1993296,11.909,16737335,20149673,2369899,1042439
2026-05-13T01:15:03.801937+00:00,92678,92766,99.905,2875133,17.178,2011593,12.018,1993396,11.91,16737582,20149972,2369900,1042490
2026-05-13T02:15:03.816834+00:00,92692,92766,99.92,2875600,17.179,2011852,12.019,1993489,11.909,16739180,20153496,2370374,1043942
2026-05-13T03:00:05.980411+00:00,92692,92766,99.92,2875641,17.179,2011930,12.019,1993508,11.909,16739671,20154161,2370497,1043993
2026-05-13T03:15:03.564381+00:00,92695,92766,99.923,2875641,17.179,2011930,12.019,1993508,11.909,16739671,20154161,2370497,1043993
2026-05-13T03:45:04.015944+00:00,92698,92766,99.927,2875708,17.179,2012041,12.019,1993535,11.909,16740115,20154810,2370640,1044055
2026-05-13T15:15:03.710543+00:00,92699,92766,99.928,2875725,17.178,2012044,12.019,1993621,11.909,16740298,20155008,2370653,1044057
2026-05-13T16:15:03.973628+00:00,92702,92766,99.931,2875812,17.179,2012150,12.02,1993616,11.909,16740503,20155387,2370799,1044085
2026-05-13T17:15:03.44881+00:00,92706,92766,99.935,2875849,17.179,2012218,12.02,1993640,11.909,16740834,20156266,2370869,1044563
2026-05-13T18:00:06.032437+00:00,92706,92766,99.935,2876008,17.179,2012455,12.021,1993656,11.908,16741518,20157240,2371066,1044656
2026-05-13T18:15:03.803707+00:00,92711,92766,99.941,2876008,17.179,2012455,12.021,1993656,11.908,16741518,20157240,2371066,1044656
2026-05-13T22:30:05.171833+00:00,92718,92766,99.948,2876061,17.178,2013045,12.024,1993668,11.908,16742539,20158550,2371231,1044780
2026-05-13T23:30:04.841494+00:00,92718,92766,99.948,2876058,17.178,2013041,12.024,1993664,11.908,16742387,20158343,2371195,1044761
2026-05-13T23:45:03.453205+00:00,92717,92766,99.947,2876058,17.178,2013041,12.024,1993664,11.908,16742387,20158343,2371195,1044761
2026-05-14T01:45:03.399353+00:00,92719,92766,99.949,2876187,17.179,2013054,12.023,1993677,11.908,16742744,20158797,2371267,1044786
2026-05-14T03:00:06.611621+00:00,92737,92766,99.969,2876773,17.18,2013872,12.026,1993760,11.906,16745343,20162290,2371928,1045019
2026-05-14T04:00:06.065291+00:00,92737,92766,99.969,2876785,17.179,2014067,12.027,1993762,11.906,16745646,20162692,2371996,1045050
2026-05-14T04:15:04.351756+00:00,92739,92766,99.971,2876785,17.179,2014067,12.027,1993762,11.906,16745646,20162692,2371996,1045050
2026-05-14T05:00:07.096191+00:00,92739,92766,99.971,2876788,17.179,2014068,12.027,1993765,11.906,16745655,20162690,2371993,1045042
2026-05-14T15:15:04.148169+00:00,92741,92766,99.973,2876852,17.179,2014139,12.028,1993772,11.906,16745932,20163069,2372058,1045079
2026-05-14T17:30:05.163202+00:00,92749,92766,99.982,2877028,17.179,2014668,12.03,1993789,11.905,16746934,20164493,2372367,1045192
2026-05-14T18:30:05.241941+00:00,92750,92766,99.983,2877065,17.179,2014684,12.03,1993813,11.905,16747126,20164732,2372397,1045209
2026-05-14T20:15:03.25541+00:00,92751,92766,99.984,2877083,17.179,2014744,12.03,1993814,11.905,16747278,20164939,2372433,1045228
2026-05-15T02:15:04.728041+00:00,92751,92766,99.984,2877083,17.179,2014744,12.03,1993834,11.905,16747328,20164939,2372433,1045178
2026-05-15T03:30:06.270953+00:00,92751,92766,99.984,2877466,17.18,2014931,12.03,1993897,11.905,16748753,20166932,2372790,1045389
2026-05-15T03:45:04.07575+00:00,92762,92766,99.996,2877466,17.18,2014931,12.03,1993897,11.905,16748753,20166932,2372790,1045389
2026-05-15T04:30:05.670157+00:00,92764,92766,99.998,2877501,17.18,2015097,12.031,1993897,11.905,16749044,20167276,2372834,1045398
2026-05-15T15:00:06.797087+00:00,92764,92766,99.998,2877678,17.181,2015114,12.031,1993904,11.904,16749424,20167745,2372896,1045425
2026-05-15T15:15:03.741144+00:00,92766,92766,100.0,2877678,17.181,2015114,12.031,1993904,11.904,16749424,20167745,2372896,1045425
2026-05-16T02:45:03.561642+00:00,92766,92766,100.0,2877678,17.181,2015114,12.031,1993905,11.904,16749427,20167745,2372895,1045423
